{
"ret":true,
"data":[{
"id":1,
"spell":"jigesi",
"name":"爆破鬼才吉格斯雕塑"
},{
"id":2,
"spell":"ali",
"name":"阿狸雕塑"
},{
"id":3,
"spell":"kabaidashi",
"name":"卡牌大师崔斯特雕塑"
},{
"id":4,
"spell":"liqin",
"name":"盲僧李青中型雕塑"
},{
"id":5,
"spell":"jinkeshi",
"name":"金克丝雕塑"
},{
"id":6,
"spell":"wei",
"name":"皮城执法官蔚雕塑"
},{
"id":7,
"spell":"bulon",
"name":"布隆雕塑"
},{
"id":8,
"spell":"katelingna",
"name":"不祥之刃卡特琳娜雕塑"
},{
"id":9,
"spell":"aike",
"name":"艾克雕塑"
},{
"id":10,
"spell":"jie",
"name":"劫雕塑"
},{
"id":11,
"spell":"kaikelin",
"name":"皮城女警凯特琳雕塑"
},{
"id":12,
"spell":"yilisita",
"name":"哞利斯塔手办"
},{
"id":13,
"spell":"xiweieu",
"name":"送披萨的小姐姐希维尔手办"
},{
"id":14,
"spell":"ali",
"name":"KDA阿狸手办"
},{
"id":15,
"spell":"FUNKOPOP",
"name":"FUNKOPOP合作款全家福套装"
},{
"id":16,
"spell":"yi",
"name":"源计划易手办"
},{
"id":17,
"spell":"daianna",
"name":"广寒仙子黛安娜手办"
},{
"id":18,
"spell":"jinkesi",
"name":"奥德赛金克丝手办"
},{
"id":19,
"spell":"luoxia",
"name":"洛与霞手办"
},{
"id":20,
"spell":"aixi",
"name":"冠军之箭艾希手办"
},{
"id":21,
"spell":"delaieusi",
"name":"灌篮高手德莱厄斯手办（XL版）"
},{
"id":22,
"spell":"cuisite",
"name":"卡牌大师逆命手办"
},{
"id":23,
"spell":"timo",
"name":"提莫手办"
},{
"id":24,
"spell":"jigesi",
"name":"爆破鬼才吉格斯手办"
},{
"id":25,
"spell":"cuisi",
"name":"魂锁典狱长锤石手办"
},{
"id":26,
"spell":"zuoyi",
"name":"暮光星灵佐伊手办（XL版）"
},{
"id":27,
"spell":"feizi",
"name":"潮汐海灵菲兹手办"
},{
"id":28,
"spell":"cuisi",
"name":"英雄联盟funko手办-锤石"
},{
"id":29,
"spell":"liqin",
"name":"英雄联盟funko手办-李青"
},{
"id":30,
"spell":"taozhuang",
"name":"星之守护者迷你手办套装（第二代）"
},{
"id":31,
"spell":"taozhuang",
"name":"源计划迷你手办套装（第二代）-组合款"
},{
"id":32,
"spell":"taozhuang",
"name":"源计划迷你手办套装（第二代）"
},{
"id":33,
"spell":"taozhuang",
"name":"电玩迷你手办套装"
},{
"id":34,
"spell":"taozhuang",
"name":"圆梦版iG冠军迷你手办套装【定金】"
},{
"id":35,
"spell":"taozhuang",
"name":"星之守护者迷你手办套装"
},{
"id":36,
"spell":"taozhuang",
"name":"星之守护者迷你手办套装"
},{
"id":37,
"spell":"taozhuang",
"name":"源计划迷你手办套装"
},{
"id":38,
"spell":"taozhuang",
"name":"2019春节限定款迷你手办套装"
},{
"id":39,
"spell":"youmi",
"name":"战斗校长悠米抱枕"
},{
"id":40,
"spell":"tipasi",
"name":"超大版提伯斯毛绒玩偶"
},{
"id":41,
"spell":"tipasi",
"name":"冰霜烈焰提伯斯熊"
},{
"id":42,
"spell":"poluo",
"name":"开心魄罗抱枕"
},{
"id":43,
"spell":"poluo",
"name":"哭泣魄罗抱枕"
},{
"id":44,
"spell":"poluo",
"name":"连体衣迷你魄罗毛绒套装"
},{
"id":45,
"spell":"taozhuang",
"name":"星之守护者毛绒套装（第二代）"
},{
"id":46,
"spell":"poluo",
"name":"魄罗王毛绒"
},{
"id":47,
"spell":"hainiu",
"name":"海牛阿福收藏款毛绒限量版"
},{
"id":48,
"spell":"pabosi",
"name":"提伯斯颈枕"
},{
"id":49,
"spell":"timo",
"name":"提莫帽子"
},{
"id":50,
"spell":"kuqi",
"name":"库奇帽子"
},{
"id":51,
"spell":"liqin",
"name":"飞龙在天盲僧卫衣墨染"
},{
"id":52,
"spell":"quanqiuzongjuesai",
"name":"2018全球总决赛防风衣"
},{
"id":53,
"spell":"quanqiuzongjuesai",
"name":"2018全球总决赛卫衣"
},{
"id":54,
"spell":"quanqiuzongjuesai",
"name":"2018全球总决赛长裤"
},{
"id":55,
"spell":"quanqiuzongjuesai",
"name":"2018全球总决赛女士夹克"
},{
"id":56,
"spell":"hainiu",
"name":"海牛阿福连体衣"
},{
"id":57,
"spell":"feizi",
"name":"菲兹连体衣"
},{
"id":58,
"spell":"weiyi",
"name":"吐槽卫衣-安排一下"
},{
"id":59,
"spell":"weiyi",
"name":"吐槽卫衣-皮"
},{
"id":60,
"spell":"beixin",
"name":"灌篮高手背心"
},{
"id":61,
"spell":"yasuo",
"name":"亚索插画T恤"
},{
"id":62,
"spell":"bulon",
"name":"布隆插画T恤"
},{
"id":63,
"spell":"bulici",
"name":"布里茨插画T恤"
},{
"id":64,
"spell":"luoxia",
"name":"洛与霞插画T恤"
},{
"id":65,
"spell":"luoxia",
"name":"洛与霞口袋T恤"
},{
"id":66,
"spell":"tixue",
"name":"欢迎来到野区-今晚一起狩猎T恤"
},{
"id":67,
"spell":"KDA",
"name":"KDAT恤"
},{
"id":68,
"spell":"tixue",
"name":"欢迎来到野区-和你开个玩笑T恤-"
},{
"id":69,
"spell":"KDA",
"name":"KDA复古老爹帽"
},{
"id":70,
"spell":"quanqiuzongjuesai",
"name":"2018全球总决赛帽子"
},{
"id":71,
"spell":"quanqiuzongjuesai",
"name":"2018全球总决赛帽子"
},{
"id":72,
"spell":"quanqiuzongjuesai",
"name":"2017全球总决赛绒球帽"
},{
"id":73,
"spell":"yuanjihua",
"name":"源计划后扣帽"
},{
"id":74,
"spell":"yingxionlianmeng",
"name":"英雄联盟漫画系列帽子"
},{
"id":75,
"spell":"KDA",
"name":"KDA阿卡丽黑色棒球帽"
},{
"id":76,
"spell":"quanqiuzongjuesai",
"name":"2018全球总决赛冠军棒球帽"
},{
"id":77,
"spell":"zhandui",
"name":"2018iG队服短袖上衣"
},{
"id":78,
"spell":"zhandui",
"name":"2018RNG队服短袖上衣"
},{
"id":79,
"spell":"zhandui",
"name":"2018RNG队服短袖上衣"
},{
"id":80,
"spell":"zhandui",
"name":"2018EDG队服短袖上衣"
},{
"id":81,
"spell":"zhandui",
"name":"2018RW队服短袖上衣"
},{
"id":82,
"spell":"zhandui",
"name":"WE队服短袖上衣"
},{
"id":83,
"spell":"zhandui",
"name":"OMG队服短袖上衣"
},{
"id":84,
"spell":"zhandui",
"name":"LGD队服短袖上衣"
},{
"id":85,
"spell":"zhandui",
"name":"Snake队服短袖上衣"
},{
"id":86,
"spell":"zhandui",
"name":"2018WE队服短袖上衣"
},{
"id":87,
"spell":"zhandui",
"name":"2018iG队服长裤"
},{
"id":88,
"spell":"zhandui",
"name":"2018RNG队服长裤"
},{
"id":89,
"spell":"zhandui",
"name":"2018EDG队服长裤"
},{
"id":90,
"spell":"zhandui",
"name":"WE队服长裤"
},{
"id":91,
"spell":"zhandui",
"name":"OMG队服长裤"
},{
"id":92,
"spell":"zhandui",
"name":"LGD队服长裤"
},{
"id":93,
"spell":"zhandui",
"name":"2018RW队服长裤"
},{
"id":94,
"spell":"zhandui",
"name":"2018WE队服长裤"
},{
"id":95,
"spell":"zhandui",
"name":"2018BLG队服长裤"
},{
"id":96,
"spell":"zhandui",
"name":"2018iG队服外套"
},{
"id":97,
"spell":"zhandui",
"name":"2018RNG队服外套"
},{
"id":98,
"spell":"zhandui",
"name":"2018EDG队服外套"
},{
"id":99,
"spell":"zhandui",
"name":"2018WE队服外套"
},{
"id":100,
"spell":"zhandui",
"name":"2018OMG队服外套"
},{
"id":101,
"spell":"zhandui",
"name":"2018RW队服外套"
},{
"id":103,
"spell":"zhandui",
"name":"2018VG队服外套"
},{
"id":104,
"spell":"zhandui",
"name":"2018VG队服外套"
},{
"id":105,
"spell":"zhandui",
"name":"2018BLG队服外套"
},{
"id":106,
"spell":"xianglian",
"name":"搏-LPL银质电竞项链"
},{
"id":107,
"spell":"xianglian",
"name":"契-LPL玫瑰金纪念项链"
},{
"id":108,
"spell":"xianglian",
"name":"925银嵌施华洛世奇水晶项链"
},{
"id":109,
"spell":"xianglian",
"name":"轻舞成双洛与霞铂金镶钻吊坠"
},{
"id":110,
"spell":"taozhuang",
"name":"洛与霞手链情侣套装（经典款）"
},{
"id":111,
"spell":"shoulian",
"name":"Love唯爱18K金镶钻手链"
},{
"id":112,
"spell":"shoulian",
"name":"洛与霞情侣手链套装（定制款）"
},{
"id":113,
"spell":"youmi",
"name":"战斗校长悠米鼠标垫"
},{
"id":114,
"spell":"delaieusi",
"name":"灌篮高手德莱厄斯鼠标垫"
},{
"id":115,
"spell":"KDA",
"name":"KDA鼠标垫（加长版）"
},{
"id":116,
"spell":"luo",
"name":"洛手机壳"
},{
"id":117,
"spell":"xia",
"name":"霞手机壳"
},{
"id":118,
"spell":"ali",
"name":"阿狸手机壳"
},{
"id":119,
"spell":"quanqiuzongjuesai",
"name":"2018全球总决赛手机壳"
},{
"id":120,
"spell":"delaieusi",
"name":"灌篮高手德莱厄斯徽章套装"
},{
"id":121,
"spell":"chondianbao",
"name":"召唤师峡谷充电宝"
},{
"id":122,
"spell":"luo",
"name":"洛马克杯"
},{
"id":123,
"spell":"xia",
"name":"霞马克杯"
},{
"id":124,
"spell":"liqin",
"name":"飞龙在天盲僧膳魔师保温杯"
},{
"id":125,
"spell":"bingxuejie",
"name":"冰雪节Dab舞企鹅马克杯"
},{
"id":126,
"spell":"beibao",
"name":"英雄组曲背包"
},{
"id":127,
"spell":"taozhuang",
"name":"海牛阿福烹饪套装"
},{
"id":128,
"spell":"amumu",
"name":"阿木木马克杯"
},{
"id":129,
"spell":"jizhonguanjunsai",
"name":"2019季中冠军赛LPL出征纪念腰包"
},{
"id":130,
"spell":"jizhonguanjunsai",
"name":"2019季中冠军赛LPL出征纪念章"
},{
"id":131,
"spell":"Upan",
"name":"LPLU盘32GBUSB3.0"
},{
"id":132,
"spell":"bijiben",
"name":"LPL闪电花纹笔记本"
},{
"id":133,
"spell":"katao",
"name":"LPL闪电花纹卡套"
},{
"id":134,
"spell":"shoujike",
"name":"LPL标志纯色手机壳"
},{
"id":135,
"spell":"shoujike",
"name":"LPL标志纯色手机壳"
}]
}